name,generator,source,max_abs_error,observed_max_abs_error,cells,memory_bits,register_bits,multipliers,latency_cycles,initiation_interval_cycles,products_per_1000_cycles,full_frontier,exact_frontier,passed,rtl_sha256
ngen-stage-parallel-l2-pe1-r2-s1-barrett-baseline-q0,ngen,reduction-matrix,0,0,762552,591360,128985,62400,1818,521,1.9193857965451055,False,False,True,7d1bfbe268a3826701518f6800d67f805cc366bfc2da34d539de9f6c37a72a7d
ngen-stage-parallel-l2-pe1-r2-s1-barrett-baseline-switch-q0,ngen,reduction-matrix,0,0,770931,1064448,144402,62976,2846,1037,0.9643201542912246,False,False,True,3336ac351271f9f6cff82d67cc513495ad2436e14fc725256e7b0200e3107d43
ngen-stage-parallel-l2-pe1-r2-s1-montgomery-baseline-q0,ngen,reduction-matrix,0,0,656424,591360,128985,62454,1818,521,1.9193857965451055,True,True,True,58367c1c99d623c28e041c7a03523809540b3d351a26cf7eda83810fdd50de33
ngen-stage-parallel-l2-pe1-r2-s1-montgomery-baseline-switch-q0,ngen,reduction-matrix,0,0,664803,1064448,144402,63030,2846,1037,0.9643201542912246,False,False,True,989028a444b58a6b0d4043e3f035c186f11b3ea0bb0fa51faef2e07e7baaa314
ngen-stage-parallel-l2-pe1-r2-s1-shoup-baseline-q0,ngen,reduction-matrix,0,0,660870,591360,128985,62400,1818,521,1.9193857965451055,True,True,True,0e80339ebc344c711f32f0b42cc0eb96cf748d0ec75e0addd5a26683cd8907e1
ngen-stage-parallel-l2-pe1-r2-s1-shoup-baseline-switch-q0,ngen,reduction-matrix,0,0,669249,1064448,144402,62976,2846,1037,0.9643201542912246,False,False,True,b9cf65537295eb7b36e17c68285b075461a7b5120cd434ae5eec19044b2ea9df
ngen-stage-parallel-l4-pe1-r2-s1-barrett-baseline-q0,ngen,reduction-matrix,0,0,763785,591360,131226,62652,1306,256,3.90625,False,False,True,3af5bf23b90233e759581bab2d76af2826b42fec5a144152224569711686ca49
ngen-stage-parallel-l4-pe1-r2-s1-barrett-baseline-q4,ngen,refreshed-stage-q4,8,8,782076,591360,131226,62652,1306,256,3.90625,False,False,True,d9fdc4412a197c2daca6ea9bacea542980ad880e4464427924a40f8ecd4b910f
ngen-stage-parallel-l4-pe1-r2-s1-barrett-baseline-switch-q0,ngen,reduction-matrix,0,0,778536,1064448,159567,63804,1822,525,1.9047619047619047,False,False,True,bea9a561fb479f2d28fe60d7be5e1c05f9a70113c7de4963cc15916f454ab40e
ngen-stage-parallel-l4-pe1-r2-s1-montgomery-baseline-q0,ngen,reduction-matrix,0,0,657513,591360,131226,62760,1306,256,3.90625,True,True,True,6d8a1824d35a146e3506b22adbdc258ce6661cc2f3367ae4ed24dc6b087a3ce6
ngen-stage-parallel-l4-pe1-r2-s1-montgomery-baseline-switch-q0,ngen,reduction-matrix,0,0,672264,1064448,159567,63912,1822,525,1.9047619047619047,False,False,True,7112b96d552d517c01912f9a50e85d5f9ce6c3cdca44ca4ac18904c33f7d0b30
ngen-stage-parallel-l4-pe1-r2-s1-shoup-baseline-q0,ngen,reduction-matrix,0,0,661797,591360,131226,62652,1306,256,3.90625,True,True,True,639dd318137a7e7debd81fca378f2702e83c13f8d48c00adc8e74935e302df48
ngen-stage-parallel-l4-pe1-r2-s1-shoup-baseline-switch-q0,ngen,reduction-matrix,0,0,676548,1064448,159567,63804,1822,525,1.9047619047619047,False,False,True,b3a56a7895b7d65a8475d88a57c489ae7b8866b6aa1b42c32095575642904976
ngen-streamed-l2-pe1-r2-s1-barrett-baseline-q0,ngen,reduction-matrix,0,0,19008,3192708,28821,111,8067,3390,0.2949852507374631,False,False,True,07305ad70462e488d7481697535f9c02dcb533daea42c1fe2778225b23d827be
ngen-streamed-l2-pe1-r2-s1-barrett-baseline-q4,ngen,covering-grid,8,8,19011,3192708,28821,111,8067,3390,0.2949852507374631,False,False,True,e6bc74f4c49f16905e4a54213c92e489571671dda963e5a3f83a0c82ec8d6974
ngen-streamed-l2-pe1-r2-s1-barrett-baseline-switch-q0,ngen,reduction-matrix,0,0,26487,3665796,44238,687,8585,3906,0.2560163850486431,False,False,True,ec67b110988dcaed179c04060ecf234f3954143f40bd24b2249390e467efffb8
ngen-streamed-l2-pe1-r2-s1-barrett-f300-q0,ngen,covering-grid,0,0,19008,3192708,28821,111,8067,3390,0.2949852507374631,False,False,True,2ba4f6ccadbefffa0133a3066c10dd6f1aff9283985f1b930b0a111e726f75b5
ngen-streamed-l2-pe1-r2-s1-montgomery-baseline-q0,ngen,reduction-matrix,0,0,19305,3192708,34932,111,8147,3430,0.2915451895043732,False,False,True,11f4a1a3a0654cb64f1b33e3d2671a98cae61b7401b2f42c413f297fbd4f312a
ngen-streamed-l2-pe1-r2-s1-montgomery-baseline-q4,ngen,covering-grid,8,8,19308,3192708,34932,111,8147,3430,0.2915451895043732,False,False,True,0350466d7646696869ac039f5ce9a5866be5768c555cd45c588f847d808d32c0
ngen-streamed-l2-pe1-r2-s1-montgomery-baseline-switch-q0,ngen,reduction-matrix,0,0,26784,3665796,50349,687,8665,3946,0.25342118601115055,False,False,True,2503cfdbab441b5c4ca9a7c06009fc0fde11e787705c43376ea6397255b31697
ngen-streamed-l2-pe1-r2-s1-shoup-baseline-q0,ngen,reduction-matrix,0,0,18963,3192708,28128,111,8067,3390,0.2949852507374631,True,True,True,a1b24d2600ffd96487cf0cdb4f1379e088e467e107930d7a0bf76e059f19c5cf
ngen-streamed-l2-pe1-r2-s1-shoup-baseline-switch-q0,ngen,reduction-matrix,0,0,26442,3665796,43545,687,8585,3906,0.2560163850486431,False,False,True,3e897eab2f56c6749d82d9776403112dfdcc531c47b195d523d884fbc87c8a86
ngen-streamed-l2-pe1-r2-s2-barrett-baseline-q0,ngen,covering-grid,0,0,34578,3429252,48858,138,9097,2080,0.4807692307692308,True,True,True,71626796f9e2297e00b46134b5e4ace794eeb33d60da168d4bd984556acd7b6a
ngen-streamed-l2-pe1-r8-s1-barrett-baseline-q0,ngen,covering-grid,0,0,197640,6772464,73548,651,7686,4219,0.23702299123014933,False,False,True,e3c88499c63c5feabe24f3342954ed3b631223bb61f42b0d11ccf5db58e8faab
ngen-streamed-l2-pe2-r2-s1-barrett-baseline-q0,ngen,reduction-matrix,0,0,44892,3193344,46623,138,5252,1983,0.5042864346949067,True,True,True,be3a7a91385c4b417a8c46adc9b5b1f76a9aa0ceffc3fd87bf80aa7f8f82f989
ngen-streamed-l2-pe2-r2-s1-barrett-baseline-switch-q0,ngen,reduction-matrix,0,0,51615,3666432,62040,714,5770,2499,0.4001600640256102,False,False,True,772e028cee028d2f3faf63958a85544ca1477ec4e8dbe1b14593d95447ef1c99
ngen-streamed-l2-pe2-r8-s1-barrett-baseline-q0,ngen,covering-grid,0,0,868635,6779904,136266,1218,5004,2113,0.47326076668244205,False,False,True,c793e28cd9bf1f9903ddecf3887ffd98f0230fa7e0741865afcf2e6f70db75d8
ngen-streamed-l4-pe1-r2-s1-barrett-baseline-q0,ngen,reduction-matrix,0,0,53550,3192708,34302,255,7299,3134,0.3190810465858328,False,False,True,ae07426f7e0f7e740dcb931884a960b1cc47dad0f14cd9c9ef186d4e9a4d7deb
ngen-streamed-l4-pe1-r2-s1-barrett-baseline-switch-q0,ngen,reduction-matrix,0,0,64467,3665796,62643,1407,7561,3394,0.2946375957572186,False,False,True,0514e15e8f0657fc7c83ea239d28bbe63b156a5adb999d71d709d05017e3acc8
ngen-streamed-l4-pe1-r2-s1-barrett-f300-q0,ngen,covering-grid,0,0,53550,3192708,34302,255,7299,3134,0.3190810465858328,False,False,True,aa17e41e9726dd5c693d536f37b0af36e3bdb4b31a2921b527358b0ac6e96749
ngen-streamed-l4-pe1-r2-s1-montgomery-baseline-q0,ngen,reduction-matrix,0,0,53847,3192708,40413,255,7379,3174,0.315059861373661,False,False,True,aeb7bd695da836b1224e7ad0e348ab9a93bee561837a4aa3a9f6b036d5274673
ngen-streamed-l4-pe1-r2-s1-montgomery-baseline-switch-q0,ngen,reduction-matrix,0,0,64764,3665796,68754,1407,7641,3434,0.29120559114735,False,False,True,ee84fcedfd2eadf46eda7a5b27485ee8238d69019f002a2f78c2024de306d653
ngen-streamed-l4-pe1-r2-s1-shoup-baseline-q0,ngen,reduction-matrix,0,0,53505,3192708,33609,255,7299,3134,0.3190810465858328,True,True,True,b9198756f1bafb411d52528067c563ee772fe2a10c3fcd311521b3179a7f1a93
ngen-streamed-l4-pe1-r2-s1-shoup-baseline-switch-q0,ngen,reduction-matrix,0,0,64422,3665796,61950,1407,7561,3394,0.2946375957572186,False,False,True,4c68459e8f88f5a81b90a00f250de6b4f5589a9f460be2f4ebabcc8928be788d
ngen-streamed-l4-pe1-r2-s2-barrett-baseline-q0,ngen,covering-grid,0,0,103401,3429252,58041,282,7817,1824,0.5482456140350878,False,False,True,e6c162241e4fbcffe7abfb1bc03212a30fb0d20cce3640f68b633b6f4adb9c10
ngen-streamed-l4-pe1-r8-s1-barrett-baseline-q0,ngen,covering-grid,0,0,239139,6772464,75789,795,6918,4219,0.23702299123014933,False,False,True,7e888b32ec2ba3611facc4fa171ccc1420705172d6489c225b83c435f5692224
ngen-streamed-l4-pe2-r2-s1-barrett-baseline-q0,ngen,reduction-matrix,0,0,62973,3193344,48864,282,4484,1727,0.5790387955993052,True,True,True,580283a0755c23f33f43c7cafd00c6c0b3ae242965ea79edc9f413d9b053eb3e
ngen-streamed-l4-pe2-r2-s1-barrett-baseline-switch-q0,ngen,reduction-matrix,0,0,73890,3666432,77205,1434,4746,1987,0.5032712632108707,False,False,True,84cd355701c23205fa13c75abecfbd0a23c2ce10a5dabdc81472590dcf666283
ngen-streamed-l4-pe2-r8-s1-barrett-baseline-q0,ngen,covering-grid,0,0,979920,6779904,138507,1362,4236,2113,0.47326076668244205,True,True,True,6eca705c7fde027afec6efc2876ca349662de4bb4de7625dc7bc30042287f061
ngen-streamed-l4-pe2-r8-s1-barrett-baseline-q4,ngen,covering-grid,8,8,979923,6779904,138507,1362,4236,2113,0.47326076668244205,False,False,True,948beff92f915a9ddbad5889c96cc0dff7c2fc08188b3cd8f6e0af8db6c27cf6
sgen-compact-l2-f30-g0,sgen,sgen-precision,0,0,48381,2984560,294915,74,511711,505844,0.0019768940622009947,True,True,True,b82e84676ed221fc2741f1f71d00b635ff4d2aa953a3f9d2bb37af5da15b1dd6
sgen-compact-l2-f30-g0-omit1,sgen,sgen-precision,115200,115200,48381,2984560,294915,74,497674,491807,0.0020333179478941943,True,False,True,0613215f9c437f76d72f17db5593f85eb479a59eb4c71a0cab1cdc864eef2adb
sgen-compact-l2-f30-g0-omit2,sgen,sgen-precision,3801600,3801600,48381,2984560,294915,74,469600,463733,0.0021564132809181145,True,False,True,c9018fc35d2409134245010bb0df3119af6522fd0f0170510b832f22fb24bd27
sgen-compact-l2-f32-g0,sgen,sgen-precision,0,0,48381,3066480,295953,74,511711,505844,0.0019768940622009947,False,False,True,1b9865e39cf80415287ce49b372afd4bd2f41d4019aefb23fbb07c036f1d167d
sgen-compact-l2-f32-g0-omit1,sgen,sgen-precision,115200,115200,48381,3066480,295953,74,497674,491807,0.0020333179478941943,False,False,True,c36cfad3bcc5f94f35f774dbe3a3252d2bd9ec77769838b9c61da39cc14e2bd9
sgen-compact-l2-f32-g0-omit2,sgen,sgen-precision,3801600,3801600,48381,3066480,295953,74,469600,463733,0.0021564132809181145,False,False,True,d4d6428998ff1d7790177cfba0ec9dc3cbc67a29cda67e0ef20fa0092700628a
