backend,lanes,pe,reduction,boundary,error_bound,observed_error,yosys_cells,latency_cycles,frame_interval_cycles,products_per_1000_cycles,simulation_passed,status,rtl_sha256
streamed,2,1,barrett,indexed,0,0,1849587,8067,3390,0.2949852507374631,True,screened,07305ad70462e488d7481697535f9c02dcb533daea42c1fe2778225b23d827be
streamed,2,1,barrett,switch,0,0,3941550,8585,3906,0.2560163850486431,True,screened,ec67b110988dcaed179c04060ecf234f3954143f40bd24b2249390e467efffb8
streamed,2,1,montgomery,indexed,0,0,1849884,8147,3430,0.2915451895043732,True,screened,11f4a1a3a0654cb64f1b33e3d2671a98cae61b7401b2f42c413f297fbd4f312a
streamed,2,1,montgomery,switch,0,0,3941847,8665,3946,0.25342118601115055,True,screened,2503cfdbab441b5c4ca9a7c06009fc0fde11e787705c43376ea6397255b31697
streamed,2,1,shoup,indexed,0,0,1849578,8067,3390,0.2949852507374631,True,screened,a1b24d2600ffd96487cf0cdb4f1379e088e467e107930d7a0bf76e059f19c5cf
streamed,2,1,shoup,switch,0,0,3941541,8585,3906,0.2560163850486431,True,screened,3e897eab2f56c6749d82d9776403112dfdcc531c47b195d523d884fbc87c8a86
streamed,2,2,barrett,indexed,0,0,1875903,5252,1983,0.5042864346949067,True,screened,be3a7a91385c4b417a8c46adc9b5b1f76a9aa0ceffc3fd87bf80aa7f8f82f989
streamed,2,2,barrett,switch,0,0,3967110,5770,2499,0.4001600640256102,True,screened,772e028cee028d2f3faf63958a85544ca1477ec4e8dbe1b14593d95447ef1c99
streamed,4,1,barrett,indexed,0,0,4642020,7299,3134,0.3190810465858328,True,screened,ae07426f7e0f7e740dcb931884a960b1cc47dad0f14cd9c9ef186d4e9a4d7deb
streamed,4,1,barrett,switch,0,0,8803581,7561,3394,0.2946375957572186,True,screened,0514e15e8f0657fc7c83ea239d28bbe63b156a5adb999d71d709d05017e3acc8
streamed,4,1,montgomery,indexed,0,0,4642317,7379,3174,0.315059861373661,True,screened,aeb7bd695da836b1224e7ad0e348ab9a93bee561837a4aa3a9f6b036d5274673
streamed,4,1,montgomery,switch,0,0,8803878,7641,3434,0.29120559114735,True,screened,ee84fcedfd2eadf46eda7a5b27485ee8238d69019f002a2f78c2024de306d653
streamed,4,1,shoup,indexed,0,0,4642011,7299,3134,0.3190810465858328,True,screened,b9198756f1bafb411d52528067c563ee772fe2a10c3fcd311521b3179a7f1a93
streamed,4,1,shoup,switch,0,0,8803572,7561,3394,0.2946375957572186,True,screened,4c68459e8f88f5a81b90a00f250de6b4f5589a9f460be2f4ebabcc8928be788d
streamed,4,2,barrett,indexed,0,0,4650453,4484,1727,0.5790387955993052,True,screened,580283a0755c23f33f43c7cafd00c6c0b3ae242965ea79edc9f413d9b053eb3e
streamed,4,2,barrett,switch,0,0,8812014,4746,1987,0.5032712632108707,True,screened,84cd355701c23205fa13c75abecfbd0a23c2ce10a5dabdc81472590dcf666283
stage-parallel,2,,barrett,indexed,0,0,1943319,1818,521,1.9193857965451055,True,screened,7d1bfbe268a3826701518f6800d67f805cc366bfc2da34d539de9f6c37a72a7d
stage-parallel,2,,barrett,switch,0,0,4036146,2846,1037,0.9643201542912246,True,screened,3336ac351271f9f6cff82d67cc513495ad2436e14fc725256e7b0200e3107d43
stage-parallel,2,,montgomery,indexed,0,0,1818831,1818,521,1.9193857965451055,True,screened,58367c1c99d623c28e041c7a03523809540b3d351a26cf7eda83810fdd50de33
stage-parallel,2,,montgomery,switch,0,0,3911658,2846,1037,0.9643201542912246,True,screened,989028a444b58a6b0d4043e3f035c186f11b3ea0bb0fa51faef2e07e7baaa314
stage-parallel,2,,shoup,indexed,0,0,1833987,1818,521,1.9193857965451055,True,screened,0e80339ebc344c711f32f0b42cc0eb96cf748d0ec75e0addd5a26683cd8907e1
stage-parallel,2,,shoup,switch,0,0,3926814,2846,1037,0.9643201542912246,True,screened,b9cf65537295eb7b36e17c68285b075461a7b5120cd434ae5eec19044b2ea9df
stage-parallel,4,,barrett,indexed,0,0,4701051,1306,256,3.90625,True,screened,3af5bf23b90233e759581bab2d76af2826b42fec5a144152224569711686ca49
stage-parallel,4,,barrett,switch,0,0,8866410,1822,525,1.9047619047619047,True,screened,bea9a561fb479f2d28fe60d7be5e1c05f9a70113c7de4963cc15916f454ab40e
stage-parallel,4,,montgomery,indexed,0,0,4576491,1306,256,3.90625,True,screened,6d8a1824d35a146e3506b22adbdc258ce6661cc2f3367ae4ed24dc6b087a3ce6
stage-parallel,4,,montgomery,switch,0,0,8741850,1822,525,1.9047619047619047,True,screened,7112b96d552d517c01912f9a50e85d5f9ce6c3cdca44ca4ac18904c33f7d0b30
stage-parallel,4,,shoup,indexed,0,0,4591443,1306,256,3.90625,True,screened,639dd318137a7e7debd81fca378f2702e83c13f8d48c00adc8e74935e302df48
stage-parallel,4,,shoup,switch,0,0,8756802,1822,525,1.9047619047619047,True,screened,b3a56a7895b7d65a8475d88a57c489ae7b8866b6aa1b42c32095575642904976
