name,workload_name,status,reason,design,quant_bits,max_abs_error,observed_max_abs_error,yosys_cells,memory_bits,register_bits,multipliers,latency_cycles,initiation_interval_cycles,prime_count,digit_products,rtl_sha256,pareto,configuration_json
full-full-d335196310e86813,full-full,screened,,"NTT streamed, L2, R2, G1, barrett, PE1",0,0,0,18315,129232,25944,111,439,176,3,,a99811bbba1850802887fc69522e2597348d76e0760bf9e0c2ae92e60281f946,False,"{""arithmetic"": ""rns"", ""backend"": ""streamed"", ""generator"": ""ngen"", ""lanes"": 2, ""pe"": 1, ""profile"": ""baseline"", ""radix"": 2, ""reduction"": ""barrett"", ""stage_groups"": 1}"
full-full-44d75107a959c3c2,full-full,screened,,"NTT streamed, L2, R2, G1, barrett, PE1, round4",4,8,8,18318,129232,25944,111,439,176,3,,235b3a1260874ab1c9a9ece93107a3a96a5a288cff51d1052bdbb48c6ec7b90d,False,"{""arithmetic"": ""rns"", ""backend"": ""streamed"", ""generator"": ""ngen"", ""lanes"": 2, ""pe"": 1, ""profile"": ""baseline"", ""radix"": 2, ""reduction"": ""barrett"", ""stage_groups"": 1}"
full-full-f37f5d1f96977419,full-full,screened,,"FFT compact, L2, f24, omit0",0,0,0,4020,144544,23397,74,24671,24404,,36,e76728406d37cecdeade4e85a611a4f8d9a1d498d531c5f4500d978f5447831f,True,"{""arithmetic"": ""split-radix16"", ""backend"": ""compact"", ""fractional_bits"": 24, ""generator"": ""sgen"", ""guard_bits"": 0, ""integer_bits"": 29, ""lanes"": 2, ""radix"": 2}"
full-full-192cd18041624194,full-full,screened,,"FFT compact, L2, f24, omit1",0,7200,7200,4020,144544,23397,74,23994,23727,,35,bc3a22bdac0a48732f8400faabd1087e45d3d67cb41e627230a46b4f24ff28a0,True,"{""arithmetic"": ""split-radix16"", ""backend"": ""compact"", ""fractional_bits"": 24, ""generator"": ""sgen"", ""guard_bits"": 0, ""integer_bits"": 29, ""lanes"": 2, ""omit_low_diagonals"": 1, ""radix"": 2}"
full-full-005a93db428c63cd,full-full,screened,,"FFT compact, L2, f24, omit2",0,237600,237600,4020,144544,23397,74,22640,22373,,33,43a439fd50665faa9780082be9ee9549367636e50dd2c67b7a79173e87fb987f,True,"{""arithmetic"": ""split-radix16"", ""backend"": ""compact"", ""fractional_bits"": 24, ""generator"": ""sgen"", ""guard_bits"": 0, ""integer_bits"": 29, ""lanes"": 2, ""omit_low_diagonals"": 2, ""radix"": 2}"
full-full-df725ac36a1faecf,full-full,screened,,"FFT compact, L2, f30, omit0",0,0,0,4020,159904,25071,74,24671,24404,,36,f6a9c2d93dcde73523a4c2795fc1f9b3232b9504359cdf1309d8b43d2fb6e536,False,"{""arithmetic"": ""split-radix16"", ""backend"": ""compact"", ""fractional_bits"": 30, ""generator"": ""sgen"", ""guard_bits"": 0, ""integer_bits"": 29, ""lanes"": 2, ""radix"": 2}"
full-full-89a6d9c2213d35c2,full-full,screened,,"FFT compact, L2, f30, omit1",0,7200,7200,4020,159904,25071,74,23994,23727,,35,a2b655bb6af7c633f9df4d30b7df8ca0d8d981cedb6d4536951a25bfc7752c03,False,"{""arithmetic"": ""split-radix16"", ""backend"": ""compact"", ""fractional_bits"": 30, ""generator"": ""sgen"", ""guard_bits"": 0, ""integer_bits"": 29, ""lanes"": 2, ""omit_low_diagonals"": 1, ""radix"": 2}"
full-full-7cd814d634608271,full-full,screened,,"FFT compact, L2, f30, omit2",0,237600,237600,4020,159904,25071,74,22640,22373,,33,69e4e4bb838a4cd07672596424afb4247ec4847145276faa8b411c710363d3b6,False,"{""arithmetic"": ""split-radix16"", ""backend"": ""compact"", ""fractional_bits"": 30, ""generator"": ""sgen"", ""guard_bits"": 0, ""integer_bits"": 29, ""lanes"": 2, ""omit_low_diagonals"": 2, ""radix"": 2}"
full-full-fd39329346adde02,full-full,screened,,"NTT streamed, L2, R2, G1, shoup, PE1",0,0,0,18270,129232,25251,111,439,176,3,,2e83f26cd989caba7f14c8241cb12c1ff3c1d1bbe7c58cc1feeec3fe4a43411e,True,"{""arithmetic"": ""rns"", ""backend"": ""streamed"", ""generator"": ""ngen"", ""lanes"": 2, ""pe"": 1, ""profile"": ""baseline"", ""radix"": 2, ""reduction"": ""shoup"", ""stage_groups"": 1}"
full-full-c1b7a72336b290ed,full-full,screened,,"NTT streamed, L2, R2, G1, barrett, PE2",0,0,0,47340,129696,40950,138,328,121,3,,690c7c117bf653ecb870621b0720275d5e176983604e7f60136e788c85895973,False,"{""arithmetic"": ""rns"", ""backend"": ""streamed"", ""generator"": ""ngen"", ""lanes"": 2, ""pe"": 2, ""profile"": ""baseline"", ""radix"": 2, ""reduction"": ""barrett"", ""stage_groups"": 1}"
full-full-85fc94b3f8cbbdd0,full-full,screened,,"NTT streamed, L2, R2, G1, shoup, PE2",0,0,0,47250,129696,39564,138,328,121,3,,aad87733213dd668cd75bf3fc275c318cc1fac3e8f588c84d411d309ef9961b8,True,"{""arithmetic"": ""rns"", ""backend"": ""streamed"", ""generator"": ""ngen"", ""lanes"": 2, ""pe"": 2, ""profile"": ""baseline"", ""radix"": 2, ""reduction"": ""shoup"", ""stage_groups"": 1}"
full-full-fft-round-q4,full-full,screened,,"FFT compact, L2, f24, omit0, round4",4,8,8,4023,144544,23397,74,24671,24404,,36,c077d9cb7c272116822166de5cd691d29f20cc8f37a291796f09cc7c8f1fd711,False,"{""arithmetic"": ""split-radix16"", ""backend"": ""compact"", ""fractional_bits"": 24, ""generator"": ""sgen"", ""guard_bits"": 0, ""integer_bits"": 29, ""lanes"": 2, ""radix"": 2}"
